<?xml version="1.0" encoding="UTF-8"?>
<project-private xmlns="http://www.netbeans.org/ns/project-private/1">
    <editor-bookmarks xmlns="http://www.netbeans.org/ns/editor-bookmarks/2" lastBookmarkId="0"/>
    <open-files xmlns="http://www.netbeans.org/ns/projectui-open-files/2">
        <group>
            <file>file:/C:/Users/PCNET/Documents/NetBeansProjects/gestion%20commerciall/src/java/model/Facture.java</file>
            <file>file:/C:/Users/PCNET/Documents/NetBeansProjects/gestion%20commerciall/src/java/JavaDBConnect.java</file>
            <file>file:/C:/Users/PCNET/Documents/NetBeansProjects/gestion%20commerciall/web/ajouterClient.jsp</file>
            <file>file:/C:/Users/PCNET/Documents/NetBeansProjects/gestion%20commerciall/web/ajouterArticle.jsp</file>
            <file>file:/C:/Users/PCNET/Documents/NetBeansProjects/gestion%20commerciall/web/accueill.jsp</file>
            <file>file:/C:/Users/PCNET/Documents/NetBeansProjects/gestion%20commerciall/src/java/AjouterArticleServlet.java</file>
            <file>file:/C:/Users/PCNET/Documents/NetBeansProjects/gestion%20commerciall/web/accueil.jsp</file>
            <file>file:/C:/Users/PCNET/Documents/NetBeansProjects/gestion%20commerciall/src/java/model/Article.java</file>
            <file>file:/C:/Users/PCNET/Documents/NetBeansProjects/gestion%20commerciall/web/clientt.jsp</file>
            <file>file:/C:/Users/PCNET/Documents/NetBeansProjects/gestion%20commerciall/src/java/Client.java</file>
            <file>file:/C:/Users/PCNET/Documents/NetBeansProjects/gestion%20commerciall/src/java/AjouterClientServlet.java</file>
        </group>
    </open-files>
</project-private>
